[
  {
    "timestamp": "2025-10-07T12:05:08.794838",
    "query": "Headache,fever\n",
    "response": "**General Health Information:** LLM Connection Error: HTTPSConnectionPool(host='api.groq.com', port=443): Max retries exceeded with url: /openai/v1/chat/completions (Caused by NameResolutionError(\"<urllib3.connection.HTTPSConnection object at 0x1041b2ba0>: Failed to resolve 'api.groq.com' ([Errno 8] nodename nor servname provided, or not known)\"))"
  },
  {
    "timestamp": "2025-10-07T12:08:37.861645",
    "query": "headache",
    "response": "**Patient Analysis**\n\n**1. Possible condition(s):**\n- Tension headache (most common type of headache)\n- Migraine (characterized by severe, one-sided headaches)\n- Sinus headache (often caused by sinus infection or allergies)\n\n**2. Confidence level:** \n- High (based on the single symptom of headache, but further evaluation is necessary for accurate diagnosis)\n\n**3. Simple advice:**\n- If the headache is mild and occasional, try relaxation techniques, such as deep breathing or meditation, to manage stress.\n- Stay hydrated by drinking plenty of water to help alleviate headache symptoms.\n- If the headache persists, worsens, or is accompanied by other symptoms like fever, nausea, or vision changes, consult a healthcare professional for proper evaluation and treatment."
  }
]